ms,start,end,passim_text,offsetter_text,cut_before,cut_after
308,0,1480,الفلاحي علي ابي سعيد سهل بن هرون التستري اليهودي وقتله عند خان العبيد وذلك ان ام المستنصر------ كانت جارية ابي سعيد هذا فاخذها منه الظاهر وتسراها فولدت له ابنه المستنصر فرقت ابا سعيد درجة عليه بعد وفاة الظاهر وكان يخاف الوزير الجرجراءي فلم يظه-----ر ما في نفسه فلما مات الجرجراءي وتولي الفلاحي انبسطت كلمة ابي سعيد في الدولة بحيث لم يبق للفلاحي معه في الوزارة امر ولا نهي سوي الاسم فقط وبعض التنفيذ لا غير وابو سعيد يتولي ديوان ام الخليفة المستنصر فغض الفلاحي بابي سعيد وشغب عليه الجند -----حتي قتلوه وذلك ان بني قرة عرب البحيرة---- افسدوا في الاعمال فخرج اليهم الخادم عزيز الدولة ريحان واوقع بهم وقتل منهم وعاد وقد عظم في نفسه لمعالجة النصر علي بني قرة والظفر بهم فثقل علي ابي سعيد امره واستمال المغاربة وزاد في واجباتهم ونقص من -ارزاق الاتراك ومن ينضاف اليهم فجري بين الطاءفتين حرب بباب زويلة واتفق مرض-- ريحان وموته فاتهم ابو سعيد انه سمه وتجمع الطواءف المنحرفة عنه علي قتله فركب من داره علي العادة يريد القصر في يوم الاحد لثلاث خلون من جمادي الاولي في موكب عظيم فلما قرب من القصر اعترضه ثلاثة من الاتراك وضربوه حتي مات فامر المستنصر باحضار من قتله فاجتمع الطواءف وقالوا نحن قتلناه فلم يجد المستنصر بدا من الاغضاء وقطع الاتراك---- ابا سعيد قطعا وتناولت الايدي اعضاءه فتمزقت واشتري اهله ما قدروا علي تحصيله من جثته بمال وجمع الاتراك ما قدروا عليه من اعضاءه ورمته وحرقوا ذلك بالنار والقوا عليه من التراب ما صار به تلا مرتفعا وضم اهله ما وصل اليهم منه في تابوت واسدلوا عليه سترا وتركوه في بيت مء-----زر بالستور واوقدوا الشموع واقاموا عزاءه فتعلقت من بعض الشموع شرارة في الستور التي هناك ومضت فيها فاحترق التابوت,الفلاحي علي ابي سعيد سهل بن هرون التستري اليهودي وقتله عند خان العبيد وذلك ان ام المستنصر كانت جارية ابي سعيد هذا فاخذها منه الظاهر وتسراها فولدت له ابنه المستنصر فرقت ابا سعيد درجة عليه بعد وفاة الظاهر وكان يخاف الوزير الجرجراءي فلم يظهر ما في نفسه فلما مات الجرجراءي وتولي الفلاحي انبسطت كلمة ابي سعيد في الدولة بحيث لم يبق للفلاحي معه في الوزارة امر ولا نهي سوي الاسم فقط وبعض التنفيذ لا غير وابو سعيد يتولي ديوان ام الخليفة المستنصر فغض الفلاحي بابي سعيد وشغب عليه الجند حتي قتلوه وذلك ان بني قرة عرب البحيرة افسدوا في الاعمال فخرج اليهم الخادم عزيز الدولة ريحان واوقع بهم وقتل منهم وعاد وقد عظم في نفسه لمعالجة النصر علي بني قرة والظفر بهم فثقل علي ابي سعيد امره واستمال المغاربة وزاد في واجباتهم ونقص من ارزاق الاتراك ومن ينضاف اليهم فجري بين الطاءفتين حرب بباب زويلة واتفق مرض ريحان وموته فاتهم ابو سعيد انه سمه وتجمع الطواءف المنحرفة عنه علي قتله فركب من داره علي العادة يريد القصر في يوم الاحد لثلاث خلون من جمادي الاولي في موكب عظيم فلما قرب من القصر اعترضه ثلاثة من الاتراك وضربوه حتي مات فامر المستنصر باحضار من قتله فاجتمع الطواءف وقالوا نحن قتلناه فلم يجد المستنصر بدا من الاغضاء وقطع الاتراك ابا سعيد قطعا وتناولت الايدي اعضاءه فتمزقت واشتري اهله ما قدروا علي تحصيله من جثته بمال وجمع الاتراك ما قدروا عليه من اعضاءه ورمته وحرقوا ذلك بالنار والقوا عليه من التراب ما صار به تلا مرتفعا وضم اهله ما وصل اليهم منه في تابوت واسدلوا عليه سترا وتركوه في بيت مءزر بالستور واوقدوا الشموع واقاموا عزاءه فتعلقت من بعض الشموع شرارة في الستور التي هناك ومضت فيها فاحترق التابوت ,0,0
313,35,582,سنة اربعين واربعماءة فيها سار ناصر الدولة ابو محمد الحسن بن الحسين بن الحسن بن حمدان امير دمشق وشجاع الدولة جعفر بن كل-يد والي حمص بالعساكر------- وقباءل العربان الي ح--------------------لب لقتال اميرها ثمال بن صالح بن مرداس وذلك ان ثمال بن صالح كان قد قرر علي نفسه في وزارة الفلاحي ان يحمل كل سنة عشرين الفا فاخل---------------------------- الحمل سنتين واخذ شجاع الدولة يغري---------- الوزير علي ثمال ويسه-ل امر حلب فخرج- الامر الي ابن حمدان ان يسير هو ووالي حمص بجمو-ع العرب-- فنزل بمن معه علي حماة وفتحها واخذ المعرة واقدم فنزل علي حلب لخمس بقين من ربيع الاخر وحارب ابن مرداس----- حروبا الت الي رحيل ابن حمدان بغير طاءل,من ربيع الاخر وحارب ابن مرداس حروبا الت الي رحيل ابن حمدان بغير طاءل في سادس عشر جمادي الاولي ففي عوده اصابه سيل هلك فيه اكثر ما معه من الخيل والرجال والامتعة وعاد الي دمشق فبعث ثمال الي المستنصر يسال عفوه وكان المتوسط بينهما ابو نصر ابراهيم اخو سعيد التستري فاجيب الي ذلك وانفصل رسول من الحضرة فورد الخبر بان ثمال بعث واليا الي معرة النعمان وانه اساء التدبير فانحرف عنه الناس وفر منهم الي حلب وان جعفرا امير حمص بادر الي المعرة فلقيه مقلد بن كامل بن مرداس وحاربه فقتل في الوقعة لست بقين من شعبان وحملت راسه وشهرت بحلب واسر كثير من عسكره فبعث المستنصر الي رسول ثمال ,0,0
313,35,582,سنة اربعين واربعماءة فيها سار ناصر الدولة ابو محمد الحسن بن الحسين بن الحسن بن حمدان امير دمشق وشجاع الدولة جعفر بن كل-يد والي حمص بالعساكر------- وقباءل العربان الي ح--------------------لب لقتال اميرها ثمال بن صالح بن مرداس وذلك ان ثمال بن صالح كان قد قرر علي نفسه في وزارة الفلاحي ان يحمل كل سنة عشرين الفا فاخل---------------------------- الحمل سنتين واخذ شجاع الدولة يغري---------- الوزير علي ثمال ويسه-ل امر حلب فخرج- الامر الي ابن حمدان ان يسير هو ووالي حمص بجمو-ع العرب-- فنزل بمن معه علي حماة وفتحها واخذ المعرة واقدم فنزل علي حلب لخمس بقين من ربيع الاخر وحارب ابن مرداس----- حروبا الت الي رحيل ابن حمدان بغير طاءل,سنة اربعين واربعماءة فيها سار ناصر الدولة ابو محمد الحسن بن الحسين بن الحسن بن حمدان امير دمشق وشجاع الدولة جعفر بن كليد والي حمص بالعساكر وقباءل العربان الي حلب لقتال اميرها ثمال بن صالح بن مرداس وذلك ان ثمال بن صالح كان قد قرر علي نفسه في وزارة الفلاحي ان يحمل كل سنة عشرين الفا فاخل الحمل سنتين واخذ شجاع الدولة يغري الوزير علي ثمال ويسهل امر حلب فخرج الامر الي ابن حمدان ان يسير هو ووالي حمص بجموع العرب فنزل بمن معه علي حماة وفتحها واخذ المعرة واقدم فنزل علي حلب لخمس بقين من ربيع الاخر وحارب ابن مرداس حروبا الت الي رحيل ابن حمدان بغير طاءل ,0,0
313,35,582,سنة اربعين واربعماءة فيها سار ناصر الدولة ابو محمد الحسن بن الحسين بن الحسن بن حمدان امير دمشق وشجاع الدولة جعفر بن كل-يد والي حمص بالعساكر------- وقباءل العربان الي ح--------------------لب لقتال اميرها ثمال بن صالح بن مرداس وذلك ان ثمال بن صالح كان قد قرر علي نفسه في وزارة الفلاحي ان يحمل كل سنة عشرين الفا فاخل---------------------------- الحمل سنتين واخذ شجاع الدولة يغري---------- الوزير علي ثمال ويسه-ل امر حلب فخرج- الامر الي ابن حمدان ان يسير هو ووالي حمص بجمو-ع العرب-- فنزل بمن معه علي حماة وفتحها واخذ المعرة واقدم فنزل علي حلب لخمس بقين من ربيع الاخر وحارب ابن مرداس----- حروبا الت الي رحيل ابن حمدان بغير طاءل,من المكاتبة ووجد الوزير ابو البركات السبيل الي الاغراء بابي نصر ابراهيم فما زال يبلغ المستنصر بانه حمله الحقد لقتل اخيه علي السعي فيما يضر الدولة من التوسط بين ثمال والحضرة وان ابن حمدان اساء التدبير في رجوعه عن حلب فقبض علي ابي نصر واخذت عامة امواله وعوقب حتي مات وولي دمشق بهاء الدولة مظفر الخادم الصقلبي وخرج اليها علي جراءد الخيل فدخلها علي حين غفلة وقبض علي ناصر الدولة ابن حمدان وحمله الي صور ونقله الي الرملة وصودر واقام مظفر الخدمة بدمشق,0,0
319,836,1523,الي المعرة فظن من معه من العساكر انه يريد ان ينهزم فاجدوا في الرحيل وقد حاصر قلوبهم الوجل وداخلهم الخوف فامر بردهم اليه فابوا ذلك عليه وفطن اهل حلب لهم فتبعوهم ونهبوا ما قدروا عليه منهم وكانت بينهما------ حرب----------- جرح فيها رفق في عدة مواضع من راسه وبدنه واسر وانهزم العسكر باسره وحمل رفق ----علي بغل وهو مكشوف الراس ومعه جماعة من وجوه- عسكره فلم يحتمل ما اصابه واختلط عقله ومات ب--قلعة حلب بعد ثلاثة ايام في مستهل ربيع الاخر واعتقل عامة من كان معه من القواد والكتاب بحلب فلما ورد الخبر بذلك علي المستنصر امر بالافراج عن ناصر الدولة ابي محمد الحسن بن الحسين بن حمدان من الاعتقال وقلد امارة د----------------------------------------------------------------------------------------------------------------------------------------------------------------------------------------------------------------------------------------------------------------------------مشق الامير المءيد مصطفي الملك معز الدولة ذا الرءاستين حيدرة بن الامير عصب الدولة حسين بن مفلح في رجب وخرج معه ناظرا-,الي المعرة فظن من معه من العساكر انه يريد ان ينهزم فاجدوا في الرحيل وقد حاصر قلوبهم الوجل وداخلهم الخوف فامر بردهم اليه فابوا ذلك عليه وفطن اهل حلب لهم فتبعوهم ونهبوا ما قدروا عليه منهم وكانت بينهما حرب جرح فيها رفق في عدة مواضع من راسه وبدنه واسر وانهزم العسكر باسره وحمل رفق علي بغل وهو مكشوف الراس ومعه جماعة من وجوه عسكره فلم يحتمل ما اصابه واختلط عقله ومات بقلعة حلب بعد ثلاثة ايام في مستهل ربيع الاخر واعتقل عامة من كان معه من القواد والكتاب بحلب فلما ورد الخبر بذلك علي المستنصر امر بالافراج عن ناصر الدولة ابي محمد الحسن بن الحسين بن حمدان من الاعتقال وقلد امارة دمشق الامير المءيد مصطفي الملك معز الدولة ذا الرءاستين حيدرة بن الامير عصب الدولة حسين بن مفلح في رجب وخرج معه ناظرا,0,0
329,56,317,علي ذلك-- سنة اربع واربعين واربعماءة فيها كتبت بغ-داد محاضر تتضمن القدح في نسب الخلفاء المصريين ونفيهم من الالتحاق بعلي بن ابي طالب رضي الله عنه وجمع ساءر اعيان الفقهاء ببغداد واشرافها وقضاتها وعزوا نسبهم في الديصانية من المجوس وسيرت المحاضر الي البلاد وشنع عليهم,علي ذلك ,0,253
329,56,317,علي ذلك-- سنة اربع واربعين واربعماءة فيها كتبت بغ-داد محاضر تتضمن القدح في نسب الخلفاء المصريين ونفيهم من الالتحاق بعلي بن ابي طالب رضي الله عنه وجمع ساءر اعيان الفقهاء ببغداد واشرافها وقضاتها وعزوا نسبهم في الديصانية من المجوس وسيرت المحاضر الي البلاد وشنع عليهم,سنة اربع واربعين واربعماءة فيها كتبت بغداد محاضر تتضمن القدح في نسب الخلفاء المصريين ونفيهم من الالتحاق بعلي بن ابي طالب رضي الله عنه وجمع ساءر اعيان الفقهاء ببغداد واشرافها وقضاتها وعزوا نسبهم في الديصانية من المجوس وسيرت المحاضر الي البلاد وشنع عليهم ,8,0
358,22,705,الت الي ان انكسر ناصر الدولة كسرة عنيفة فاصابته ضربة شلت منها يده ورجع منهزما- في مستهل شعبان فقال عب---------------------------------------------------د العزيز العكيك الحلبي وقد -------------مدح ناصر الدولة--------- فلم يجزه------------ ولءن غلطت بان مدحتك طالبا جدواك مع علمي بانك باخل فالدولة الزهراء قد غلطت بان نعتتك ناصرها وانت الخاذل ان تم امرك مع يد لك اصبحت شلاء فالامثال عندي باطل واما ابن ملهم فانه بعث الي اسد الدولة ابي ذءابة عطية بن صالح فسلمه حلب ودخلها في عاشر شعبان هذا واقام بها يوم ثم خرج عجزا عنها فوصل محمود في ثاني عشره وملكها وفي تاسع رمضان صرف ابو الفرج ابن--------- المغربي عن الوزارة واعيد اليها ابو الفرج عبد الله بن محمد البابلي و---------------صرف عن قضاء القضاة عب-----د الحاكم بن وهب في جمادي الاخرة واستقر عوضه ابو عبد الله احمد بن محمد بن ابي ذكري- في حادي عشري--- رجب,الت الي ان انكسر ناصر الدولة كسرة عنيفة فاصابته ضربة شلت منها يده ورجع منهزما في مستهل شعبان فقال عبد العزيز العكيك الحلبي وقد مدح ناصر الدولة فلم يجزه ولءن غلطت بان مدحتك طالبا جدواك مع علمي بانك باخل فالدولة الزهراء قد غلطت بان نعتتك ناصرها وانت الخاذل ان تم امرك مع يد لك اصبحت شلاء فالامثال عندي باطل واما ابن ملهم فانه بعث الي اسد الدولة ابي ذءابة عطية بن صالح فسلمه حلب ودخلها في عاشر شعبان هذا واقام بها يوم ثم خرج عجزا عنها فوصل محمود في ثاني عشره وملكها وفي تاسع رمضان صرف ابو الفرج ابن المغربي عن الوزارة واعيد اليها ابو الفرج عبد الله بن محمد البابلي وصرف عن قضاء القضاة عبد الحاكم بن وهب في جمادي الاخرة واستقر عوضه ابو عبد الله احمد بن محمد بن ابي ذكري في حادي عشري رجب ,0,0
360,1262,1380,بعده الي اخيه ابي علي احمد بن عبد الحاكم بن سعيد------- ثم صرف عن القضاء في صفر بابي----------------- القاسم عبد الحاكم بن وهيب بن عبد الرحمن,بعده الي اخيه ابي علي احمد بن عبد الحاكم بن سعيد ثم صرف عن القضاء في صفر بابي القاسم عبد الحاكم بن وهيب بن عبد الرحمن ,0,0
360,1102,1347,سنة اربع وخمسين واربعماءة في ثالث المحرم توفي ابو محمد عبد الكريم بن عبد الحاكم------- في وزارته وكان ابوه قاضي طرابلس فانتقل ابو محمد الي مصر وكان-------------- فاضلا فردت الوزارة بعده --الي اخيه ابي علي احمد بن عبد الحاكم بن سعيد ثم صرف عن القضاء في صفر بابي القاسم,بعده الي اخيه ابي علي احمد بن عبد الحاكم بن سعيد ثم صرف عن القضاء في صفر بابي القاسم عبد الحاكم بن وهيب بن عبد الرحمن ,0,0
360,1262,1380,بعده الي اخيه ابي علي احمد بن عبد الحاكم بن سعيد------- ثم صرف عن القضاء في صفر بابي----------------- القاسم عبد الحاكم بن وهيب بن عبد الرحمن,سنة اربع وخمسين واربعماءة في ثالث المحرم توفي ابو محمد عبد الكريم بن عبد الحاكم في وزارته وكان ابوه قاضي طرابلس فانتقل ابو محمد الي مصر وكان فاضلا فردت الوزارة بعده الي اخيه ابي علي احمد بن عبد الحاكم بن سعيد ثم صرف عن القضاء في صفر بابي القاسم ,0,0
360,1102,1347,سنة اربع وخمسين واربعماءة في ثالث المحرم توفي ابو محمد عبد الكريم بن عبد الحاكم------- في وزارته وكان ابوه قاضي طرابلس فانتقل ابو محمد الي مصر وكان-------------- فاضلا فردت الوزارة بعده --الي اخيه ابي علي احمد بن عبد الحاكم بن سعيد ثم صرف عن القضاء في صفر بابي القاسم,سنة اربع وخمسين واربعماءة في ثالث المحرم توفي ابو محمد عبد الكريم بن عبد الحاكم في وزارته وكان ابوه قاضي طرابلس فانتقل ابو محمد الي مصر وكان فاضلا فردت الوزارة بعده الي اخيه ابي علي احمد بن عبد الحاكم بن سعيد ثم صرف عن القضاء في صفر بابي القاسم ,0,0
364,997,1541,ببغداد ثم صرف عنها ثاني يوم واستقر في القضاء والوزارة جميعا ابو محمد بن ابي كدينة في --حادي ---عشريه فلم يقم غير---- اربعة ايام وصرف عنها في --------سادس ---عشري----ه واعيد ابو----------- شجاع محمد بن الاشرف الي الوزارة وتقلد القضاء -جلال الملك ابو احمد بن عبد ال------------------------------------كريم فاقام ابن الاشرف في الوزارة الي نصف ربيع الاول وصرف وقرر في الوزارة سديد الدولة ابو القاسم هبة الله بن محمد الرعباني الرحبي ثم صرف في اخره واست--وزر ا--------بن ابي كدينة واضيف اليه القضاء ايضا في نصف جمادي الاخرة فباشرهما الي ن-صف رجب وصرف عن الوزارة بابي المكارم رءيس الرءساء ال-------------شرف بن اسعد وعن القضاء بعبد الحاكم بن وهيب,الوزارة لابي غالب عبد الطاهر بن الفضل وفوض القضاء لابي الحسن علي بن عبد الحاكم في سابع عشري ربيع الاخر ثم صرف عن القضاء في خامس جمادي الاولي بابي القاسم عبد الحاكم بن وهيب ثم صرف ابو غالب عن الوزارة واستدعي ابو البركات حسين بن عماد الدولة الجرجراءي من صور فحضر الي مصر ووليها في مستهل رجب فاقام الي العشر الاخر من رمضان وصرف عنها وصرف ايضا عن القضاء عبد الحاكم وجمعا معا الوزارة والقضاء لابن ابي كدينة فباشرهما الي رابع ذي الحجة فصرف عن الوزارة وقرر فيها ابو علي الحسن بن ابي سعيد التستري وقرر في القضاء احمد بن عبد الحاكم وفيها فارق امير الجيوش بدر ولاية دمشق فرارا من اهلها لثورتهم به فقرر المستنصر بدله الامير حصن الدولة ابا الحسن معلي بن حيدرة بن منزو بن النعمان الكناني وفيها قتل قطلمش بن اسراءيل بن سلجوق صاحب قونية واقصرا فقام بعده ابنه سليمان ابن قطلمش وفتح انطاكية ,0,216
364,997,1541,ببغداد ثم صرف عنها ثاني يوم واستقر في القضاء والوزارة جميعا ابو محمد بن ابي كدينة في --حادي ---عشريه فلم يقم غير---- اربعة ايام وصرف عنها في --------سادس ---عشري----ه واعيد ابو----------- شجاع محمد بن الاشرف الي الوزارة وتقلد القضاء -جلال الملك ابو احمد بن عبد ال------------------------------------كريم فاقام ابن الاشرف في الوزارة الي نصف ربيع الاول وصرف وقرر في الوزارة سديد الدولة ابو القاسم هبة الله بن محمد الرعباني الرحبي ثم صرف في اخره واست--وزر ا--------بن ابي كدينة واضيف اليه القضاء ايضا في نصف جمادي الاخرة فباشرهما الي ن-صف رجب وصرف عن الوزارة بابي المكارم رءيس الرءساء ال-------------شرف بن اسعد وعن القضاء بعبد الحاكم بن وهيب,سنة سبع وخمسين واربعماءة في النصف من المحرم صرف عن الوزارة ابو علي بن ابي سعيد وصرف عن القضاء ابو احمد بن عبد الحاكم وتولي الوزارة ابو شجاع محمد بن الاشرف بن ابي غالب محمد ابن علي بن خلف وكان ابوه احد وزراء بني بويه ,774,0
364,997,1541,ببغداد ثم صرف عنها ثاني يوم واستقر في القضاء والوزارة جميعا ابو محمد بن ابي كدينة في --حادي ---عشريه فلم يقم غير---- اربعة ايام وصرف عنها في --------سادس ---عشري----ه واعيد ابو----------- شجاع محمد بن الاشرف الي الوزارة وتقلد القضاء -جلال الملك ابو احمد بن عبد ال------------------------------------كريم فاقام ابن الاشرف في الوزارة الي نصف ربيع الاول وصرف وقرر في الوزارة سديد الدولة ابو القاسم هبة الله بن محمد الرعباني الرحبي ثم صرف في اخره واست--وزر ا--------بن ابي كدينة واضيف اليه القضاء ايضا في نصف جمادي الاخرة فباشرهما الي ن-صف رجب وصرف عن الوزارة بابي المكارم رءيس الرءساء ال-------------شرف بن اسعد وعن القضاء بعبد الحاكم بن وهيب,ببغداد ثم صرف عنها ثاني يوم واستقر في القضاء والوزارة جميعا ابو محمد بن ابي كدينة في حادي عشريه فلم يقم غير اربعة ايام وصرف عنها في سادس عشريه واعيد ابو شجاع محمد بن الاشرف الي الوزارة وتقلد القضاء جلال الملك ابو احمد بن عبد الكريم فاقام ابن الاشرف في الوزارة الي نصف ربيع الاول وصرف وقرر في الوزارة سديد الدولة ابو القاسم هبة الله بن محمد الرعباني الرحبي ثم صرف في اخره واستوزر ابن ابي كدينة واضيف اليه القضاء ايضا في نصف جمادي الاخرة فباشرهما الي نصف رجب وصرف عن الوزارة بابي المكارم رءيس الرءساء الشرف بن اسعد وعن القضاء بعبد الحاكم بن وهيب ,0,0
365,4,1193,علي الوزير ابي المكارم في العشر الاخير من شوال وتولي الوزارة بعده الاثير ابو الحسن علي بن----- الانباري فاقام شهرا وصرف----- في ذي الحجة عن الوزارة ولم يعد اليها سنة ثمان وخمسين واربعماء-------------------------------------------------------------------------------------------ة في سادس عشرين منه صرف---------- ابن ابي كدينة عن القضاء واستقر عوضه جلال الملك ابو احمد ونعت بقاضي القضاة الاعظم وفي تاسع ربيع الاخر اعيد الي الوزارة ابو القاسم هبة الله--- محمد--- الرعباني وصرف عنها في السادس عشر منه وفي---------- جمادي الاولي ولي المستنصر امير الجيوش بدرا الشام باسره فخرج اليها بعد ما انفق عليه الف الف دينار وفي جمادي الاخرة جمع القضاء والوزارة لابي احمد جلال الملك ثم صرف -----------بعد ايام عن الوزارة بابي الحسن طاهر بن وزير فباشر اياما يسيرة وصرف ------بابي عبد الله محمد بن---- حامد التنيسي واقام يوما واحدا ثم صرف وقتل فاستوزر ابو سعد منصور بن زنبور فلم يقم في الوزارة غير ايام قليلة وهرب فاقيم بعده ابو العلاء عبد الغني بن نصر بن سعيد الضيف فباشر اياما يسيرة وصرف وكان دخول امير الجيوش الي دمشق في سادس شعبان وبلغ ما بلغت نفقة المستنصر عليه الف الف دينار سنة تسع وخمسين واربعماءة فيها قويت شوكة الاتراك واشتد باسهم وطلبوا الزيادات في واجباتهم ورواتبهم وساءت احوال العبيد وكثر- ضرر--هم وهم يتزايدون حتي صار منهم بالقاهرة ومصر وما في ظواهرهما من القري نحو الخمسين الف عبد ما بين فارس وراجل وخلت----- خزاءن --اموال المستنصر وضعفت الدولة فبعثت,علي الوزير ابي المكارم في العشر الاخير من شوال وتولي الوزارة بعده الاثير ابو الحسن علي بن الانباري فاقام شهرا وصرف في ذي الحجة عن الوزارة ولم يعد اليها ,0,1037
365,4,1193,علي الوزير ابي المكارم في العشر الاخير من شوال وتولي الوزارة بعده الاثير ابو الحسن علي بن----- الانباري فاقام شهرا وصرف----- في ذي الحجة عن الوزارة ولم يعد اليها سنة ثمان وخمسين واربعماء-------------------------------------------------------------------------------------------ة في سادس عشرين منه صرف---------- ابن ابي كدينة عن القضاء واستقر عوضه جلال الملك ابو احمد ونعت بقاضي القضاة الاعظم وفي تاسع ربيع الاخر اعيد الي الوزارة ابو القاسم هبة الله--- محمد--- الرعباني وصرف عنها في السادس عشر منه وفي---------- جمادي الاولي ولي المستنصر امير الجيوش بدرا الشام باسره فخرج اليها بعد ما انفق عليه الف الف دينار وفي جمادي الاخرة جمع القضاء والوزارة لابي احمد جلال الملك ثم صرف -----------بعد ايام عن الوزارة بابي الحسن طاهر بن وزير فباشر اياما يسيرة وصرف ------بابي عبد الله محمد بن---- حامد التنيسي واقام يوما واحدا ثم صرف وقتل فاستوزر ابو سعد منصور بن زنبور فلم يقم في الوزارة غير ايام قليلة وهرب فاقيم بعده ابو العلاء عبد الغني بن نصر بن سعيد الضيف فباشر اياما يسيرة وصرف وكان دخول امير الجيوش الي دمشق في سادس شعبان وبلغ ما بلغت نفقة المستنصر عليه الف الف دينار سنة تسع وخمسين واربعماءة فيها قويت شوكة الاتراك واشتد باسهم وطلبوا الزيادات في واجباتهم ورواتبهم وساءت احوال العبيد وكثر- ضرر--هم وهم يتزايدون حتي صار منهم بالقاهرة ومصر وما في ظواهرهما من القري نحو الخمسين الف عبد ما بين فارس وراجل وخلت----- خزاءن --اموال المستنصر وضعفت الدولة فبعثت,سنة ثمان وخمسين واربعماءة في سادس عشرين منه صرف ابن ابي كدينة عن القضاء واستقر عوضه جلال الملك ابو احمد ونعت بقاضي القضاة الاعظم وفي تاسع ربيع الاخر اعيد الي الوزارة ابو القاسم هبة الله محمد الرعباني وصرف عنها في السادس عشر منه وفي جمادي الاولي ولي المستنصر امير الجيوش بدرا الشام باسره فخرج اليها بعد ما انفق عليه الف الف دينار وفي جمادي الاخرة جمع القضاء والوزارة لابي احمد جلال الملك ثم صرف بعد ايام عن الوزارة بابي الحسن طاهر بن وزير فباشر اياما يسيرة وصرف بابي عبد الله محمد بن حامد التنيسي واقام يوما واحدا ثم صرف وقتل فاستوزر ابو سعد منصور بن زنبور فلم يقم في الوزارة غير ايام قليلة وهرب فاقيم بعده ابو العلاء عبد الغني بن نصر بن سعيد الضيف فباشر اياما يسيرة وصرف وكان دخول امير الجيوش الي دمشق في سادس شعبان وبلغ ما بلغت نفقة المستنصر عليه الف الف دينار ,152,275
365,4,1193,علي الوزير ابي المكارم في العشر الاخير من شوال وتولي الوزارة بعده الاثير ابو الحسن علي بن----- الانباري فاقام شهرا وصرف----- في ذي الحجة عن الوزارة ولم يعد اليها سنة ثمان وخمسين واربعماء-------------------------------------------------------------------------------------------ة في سادس عشرين منه صرف---------- ابن ابي كدينة عن القضاء واستقر عوضه جلال الملك ابو احمد ونعت بقاضي القضاة الاعظم وفي تاسع ربيع الاخر اعيد الي الوزارة ابو القاسم هبة الله--- محمد--- الرعباني وصرف عنها في السادس عشر منه وفي---------- جمادي الاولي ولي المستنصر امير الجيوش بدرا الشام باسره فخرج اليها بعد ما انفق عليه الف الف دينار وفي جمادي الاخرة جمع القضاء والوزارة لابي احمد جلال الملك ثم صرف -----------بعد ايام عن الوزارة بابي الحسن طاهر بن وزير فباشر اياما يسيرة وصرف ------بابي عبد الله محمد بن---- حامد التنيسي واقام يوما واحدا ثم صرف وقتل فاستوزر ابو سعد منصور بن زنبور فلم يقم في الوزارة غير ايام قليلة وهرب فاقيم بعده ابو العلاء عبد الغني بن نصر بن سعيد الضيف فباشر اياما يسيرة وصرف وكان دخول امير الجيوش الي دمشق في سادس شعبان وبلغ ما بلغت نفقة المستنصر عليه الف الف دينار سنة تسع وخمسين واربعماءة فيها قويت شوكة الاتراك واشتد باسهم وطلبوا الزيادات في واجباتهم ورواتبهم وساءت احوال العبيد وكثر- ضرر--هم وهم يتزايدون حتي صار منهم بالقاهرة ومصر وما في ظواهرهما من القري نحو الخمسين الف عبد ما بين فارس وراجل وخلت----- خزاءن --اموال المستنصر وضعفت الدولة فبعثت,سنة تسع وخمسين واربعماءة فيها قويت شوكة الاتراك واشتد باسهم وطلبوا الزيادات في واجباتهم ورواتبهم وساءت احوال العبيد وكثر ضررهم وهم يتزايدون حتي صار منهم بالقاهرة ومصر وما في ظواهرهما من القري نحو الخمسين الف عبد ما بين فارس وراجل وخلت خزاءن اموال المستنصر وضعفت الدولة فبعثت ,914,0
390,74,714,اصحابه وصاروا الي البحيرة فقطع خطبة المستنصر من جميع الوجه البحري وكتب الي الخليفة القاءم ببغداد يساله ان يجهز اليه الخلع والالوية السود فاضمحل قدر المستنصر وتلاشي امره وتعاظمت الشداءد بمصر وجلت رزايا الناس فلما كان في شعبان----- سار ناصر الدولة بعساكره وقد تيقن عجز المستنصر عن مقاومته لضعف امره وممالاة كثير من الاتراك له وموافقتهم لما قرره معهم من محبة فدخل الي مصر فاستولي علي الامر وبعث الي المستنصر يطلب منه المال فدخل عليه قاصد ابن حمدان وهو جالس علي حصير بغير فرش ولا ابهة وليس عنده-- غير------------------- ثلاثة من الخدم وقد زال ما كان يعهده من شارة المملكة وعظمة الخلافة فلما ادي اليه الرسالة قال له المستنصر ا-ما يكفي ناصر الدولة ان اجلس في مثل هذا البيت,اصحابه وصاروا الي البحيرة فقطع خطبة المستنصر من جميع الوجه البحري وكتب الي الخليفة القاءم ببغداد يساله ان يجهز اليه الخلع والالوية السود فاضمحل قدر المستنصر وتلاشي امره وتعاظمت الشداءد بمصر وجلت رزايا الناس فلما كان في شعبان سار ناصر الدولة بعساكره وقد تيقن عجز المستنصر عن مقاومته لضعف امره وممالاة كثير من الاتراك له وموافقتهم لما قرره معهم من محبة فدخل الي مصر فاستولي علي الامر وبعث الي المستنصر يطلب منه المال فدخل عليه قاصد ابن حمدان وهو جالس علي حصير بغير فرش ولا ابهة وليس عنده غير ثلاثة من الخدم وقد زال ما كان يعهده من شارة المملكة وعظمة الخلافة فلما ادي اليه الرسالة قال له المستنصر اما يكفي ناصر الدولة ان اجلس في مثل هذا البيت ,0,0
396,591,1603,الواقعة اخر الوقاءع التي قطع فيها دابر المفسدين وخمدت جمرتهم وفيها جمع اطسز صاحب دمشق العساكر وسار يريد تملك الديار المصرية -------------------------------------------------وازالة الدولة الفاطمية منها واقامة الدعوة العباسية كما فعل في بلاد الشام وكان اكثر الاسباب الحاملة له علي ذلك ان ابن يلدكوش لما فر من امير الجيوش وصار الي بلاد الشام اتصل باطسز وقدم ا------ليه ستين حبة لءلء مدحرج زنة كل حبة منها ينيف علي مثقال وحجر ياقوت زنته سبعة عشر مثقالا وتحفا كثيرة---- مما كان قد وصل الي ابيه من خزاءن المستنصر في سني الشدة واغراه باهل مصر وحثه علي قصد البلاد وهونها عنده فقوي طمعه وسار وقد حصل في قوة بمن صار اليه من عساكر مصر ومن انضاف اليه من اهل الشام وكان امير الجيوش ببلا--د الصعيد قد انتهي الي بلاد اسوان فوصل الخبر-------------------------- بمسير اطسز الي مصر فكتب بذلك الي امير الجيوش وكان عند موافاة الخبر اليه في شغل عن ذلك فقدم اطسز الي اطراف مصر في جمادي الاولي وقد اشار عليه ابن يلدكوش بالا تشتغل بالقاهرة----- ولكن تملك الريف وقال له اذا ملكت الريف فقد ملكت مصر فاقام----- بالريف---- جمادي الاولي و-جمادي الاخرة وبعض رجب وامير الجيوش في اصلاح ال-صعيد وتدبير --اموره وقد حضر اليه اكثر اهل اسوان و----------------بدر بن حازم-,الواقعة اخر الوقاءع التي قطع فيها دابر المفسدين وخمدت جمرتهم وفيها جمع اطسز صاحب دمشق العساكر وسار يريد تملك الديار المصرية وازالة الدولة الفاطمية منها واقامة الدعوة العباسية كما فعل في بلاد الشام وكان اكثر الاسباب الحاملة له علي ذلك ان ابن يلدكوش لما فر من امير الجيوش وصار الي بلاد الشام اتصل باطسز وقدم اليه ستين حبة لءلء مدحرج زنة كل حبة منها ينيف علي مثقال وحجر ياقوت زنته سبعة عشر مثقالا وتحفا كثيرة مما كان قد وصل الي ابيه من خزاءن المستنصر في سني الشدة واغراه باهل مصر وحثه علي قصد البلاد وهونها عنده فقوي طمعه وسار وقد حصل في قوة بمن صار اليه من عساكر مصر ومن انضاف اليه من اهل الشام وكان امير الجيوش ببلاد الصعيد قد انتهي الي بلاد اسوان فوصل الخبر بمسير اطسز الي مصر فكتب بذلك الي امير الجيوش وكان عند موافاة الخبر اليه في شغل عن ذلك فقدم اطسز الي اطراف مصر في جمادي الاولي وقد اشار عليه ابن يلدكوش بالا تشتغل بالقاهرة ولكن تملك الريف وقال له اذا ملكت الريف فقد ملكت مصر فاقام بالريف جمادي الاولي وجمادي الاخرة وبعض رجب وامير الجيوش في اصلاح الصعيد وتدبير اموره وقد حضر اليه اكثر اهل اسوان وبدر بن حازم,0,0
403,687,1673,ثلاث سنين حتي صلح-ت احوال الفلاحين واستغني اهل مصر في ايامه ودرت عليهم اخلاف النعم بعد توالي الشداءد الكبيرة ومقاساة الالم وكثر ترداد التجار في ايامه الي مصر بعد نزوحهم عنها وخروجهم لشدة البلاء والجور فيها وكانت مدة تحكمه بالديار المصرية احدي وعشرين سنة وكان عزوف النفس شديد البطش عالي الهمة عظيم الهيبة حسن التاتي جميل السياسة مظفرا سعيد الجد سخيا مفضالا قصده علقمة بن عبد الرزاق العليمي فلما وافي بابه شاهد---- اشراف الناس وكبراءهم وشعراءهم وعلماءهم علي بابه وقد طال وقوفهم ومقامهم ولا يصلون اليه فبينا هو-- كذلك اذ خرج امير الجيوش يريد الصيد فخرج -في اثره واقام معه حتي رجع من صيده فعندما قارب-ه وقف -علي تل- من --رمل ورمي-- برقعة كانت في يده وانشد-------- نحن التجار وهذه اعلاقنا در وجود يمينك المبتاع قلب وفتشها بسمعك انما هي جوهر تختاره الاسماع كسدت علينا بالشام وكلما قل النفاق تعطل الصناع فاتاك يحملها اليك تجارها ومطيها الامال والاطماع حتي اناخوها ببابك والرجا من دونك السمسار والبياع فوهبت ما لم يعطه في دهره هرم ولا كعب ولا القعقاع وسبقت هذا الناس في طلب العلا والناس بعدك كلهم اتباع يا بدر اقسم لو-,تحكم الملوك ولم يبق للمستنصر من امر والقي اليه مقاليد مملكته وسلم اليه امور خلافته فضبطها احسن ضبط فاشتدت مهابته في قلوب الخاصة والعامة وخاف سطوته كل جليل وكبير لعظم باسه وكثرة بطشه وقتله من الخلاءق ما لا يمكن ضبطهم ولا يعلم عدتهم الا الههم سبحانه وبقتله اكابر المصريين من الامراء والقواد والوزراء والاعيان من اهل القاهرة ومصر وبلاد الصعيد واسفل الارض وثغر دمياط وتنيس والاسكندرية الذين كانوا قد تمرنوا علي الفساد ونشاوا في الفتن واعتادوا مضرة الخلق ولصلاح احوالهم من ذلك صلحت الديار المصرية بعد فسادها وعمرت بعد خرابها وزال ,0,0
403,687,1673,ثلاث سنين حتي صلح-ت احوال الفلاحين واستغني اهل مصر في ايامه ودرت عليهم اخلاف النعم بعد توالي الشداءد الكبيرة ومقاساة الالم وكثر ترداد التجار في ايامه الي مصر بعد نزوحهم عنها وخروجهم لشدة البلاء والجور فيها وكانت مدة تحكمه بالديار المصرية احدي وعشرين سنة وكان عزوف النفس شديد البطش عالي الهمة عظيم الهيبة حسن التاتي جميل السياسة مظفرا سعيد الجد سخيا مفضالا قصده علقمة بن عبد الرزاق العليمي فلما وافي بابه شاهد---- اشراف الناس وكبراءهم وشعراءهم وعلماءهم علي بابه وقد طال وقوفهم ومقامهم ولا يصلون اليه فبينا هو-- كذلك اذ خرج امير الجيوش يريد الصيد فخرج -في اثره واقام معه حتي رجع من صيده فعندما قارب-ه وقف -علي تل- من --رمل ورمي-- برقعة كانت في يده وانشد-------- نحن التجار وهذه اعلاقنا در وجود يمينك المبتاع قلب وفتشها بسمعك انما هي جوهر تختاره الاسماع كسدت علينا بالشام وكلما قل النفاق تعطل الصناع فاتاك يحملها اليك تجارها ومطيها الامال والاطماع حتي اناخوها ببابك والرجا من دونك السمسار والبياع فوهبت ما لم يعطه في دهره هرم ولا كعب ولا القعقاع وسبقت هذا الناس في طلب العلا والناس بعدك كلهم اتباع يا بدر اقسم لو-,ثلاث سنين حتي صلحت احوال الفلاحين واستغني اهل مصر في ايامه ودرت عليهم اخلاف النعم بعد توالي الشداءد الكبيرة ومقاساة الالم وكثر ترداد التجار في ايامه الي مصر بعد نزوحهم عنها وخروجهم لشدة البلاء والجور فيها وكانت مدة تحكمه بالديار المصرية احدي وعشرين سنة وكان عزوف النفس شديد البطش عالي الهمة عظيم الهيبة حسن التاتي جميل السياسة مظفرا سعيد الجد سخيا مفضالا قصده علقمة بن عبد الرزاق العليمي فلما وافي بابه شاهد اشراف الناس وكبراءهم وشعراءهم وعلماءهم علي بابه وقد طال وقوفهم ومقامهم ولا يصلون اليه فبينا هو كذلك اذ خرج امير الجيوش يريد الصيد فخرج في اثره واقام معه حتي رجع من صيده فعندما قاربه وقف علي تل من رمل ورمي برقعة كانت في يده وانشد نحن التجار وهذه اعلاقنا در وجود يمينك المبتاع قلب وفتشها بسمعك انما هي جوهر تختاره الاسماع كسدت علينا بالشام وكلما قل النفاق تعطل الصناع فاتاك يحملها اليك تجارها ومطيها الامال والاطماع حتي اناخوها ببابك والرجا من دونك السمسار والبياع فوهبت ما لم يعطه في دهره هرم ولا كعب ولا القعقاع وسبقت هذا الناس في طلب العلا والناس بعدك كلهم اتباع يا بدر اقسم لو,0,0
407,0,935,الدولة ملك --العراق ثم ولي بعده ابو الحسن طاهر بن وزير الطرابلسي ثم ص----------------رف وكان احد الكتاب بديوان الانشاء فولي بعده ابو عبد الله محمد بن ابي حامد التنيسي يوما واحدا --وقتل فوجد له مال كثير ثم ولي ابو سعد منصور بن ابي ا-يمن--- سورس بن مكرواه بن زنبور وكان نصرانيا فاسلم ويقال----- انه لم يسلم ثم ولي بعده ابو العلاء عبد الغني بن نصر بن سعيد الضيف وصرف ------فلما -قدم امير الجيوش -تسلمها ولما قدم امير الجيوش------------ من عكا -صار وزير السيف والقلم وولي القضاء ايضا وزيد في القابه كافل قضاة المسلمين وهادي دعاة المءمنين ثم لما مات وزر من بعده ابنه الافضل واما قضاته فقد تقدم---- من جمع له القضاء مع- الوزارة وا-لذين ا-فردوا بوظيفة القضاء -عبد الحاكم بن سعيد الفارقي في اول خلافته ثم تقلد القضاء القاسم بن عبد العزيز ابن النعمان ثم ابو يعلي ويقال ابو الحسن احمد بن حمزة بن احمد العرقي و-----مات فولي ابو الفضل القضاعي ثم جلال الدولة ابو القاسم علي بن احمد بن عمار------- وولي---- الفضل ابن نباتة ثم ابو الفضل بن عتيق ثم ابو الحسن علي بن يوسف بن----- الكحال ثم فخر الا-حكام ابو الفضل محمد بن عبد الحاكم,ابو الحسن طاهر بن وزير الطرابلسي ثم صرف وكان احد الكتاب بديوان الانشاء فولي بعده ابو عبد الله محمد بن ابي حامد التنيسي يوما واحدا وقتل فوجد له مال كثير ثم ولي ابو سعد منصور بن ابي ايمن سورس بن مكرواه بن زنبور وكان نصرانيا فاسلم ويقال انه لم يسلم ثم ولي بعده ابو العلاء عبد الغني بن نصر بن سعيد الضيف ,0,0
407,0,935,الدولة ملك --العراق ثم ولي بعده ابو الحسن طاهر بن وزير الطرابلسي ثم ص----------------رف وكان احد الكتاب بديوان الانشاء فولي بعده ابو عبد الله محمد بن ابي حامد التنيسي يوما واحدا --وقتل فوجد له مال كثير ثم ولي ابو سعد منصور بن ابي ا-يمن--- سورس بن مكرواه بن زنبور وكان نصرانيا فاسلم ويقال----- انه لم يسلم ثم ولي بعده ابو العلاء عبد الغني بن نصر بن سعيد الضيف وصرف ------فلما -قدم امير الجيوش -تسلمها ولما قدم امير الجيوش------------ من عكا -صار وزير السيف والقلم وولي القضاء ايضا وزيد في القابه كافل قضاة المسلمين وهادي دعاة المءمنين ثم لما مات وزر من بعده ابنه الافضل واما قضاته فقد تقدم---- من جمع له القضاء مع- الوزارة وا-لذين ا-فردوا بوظيفة القضاء -عبد الحاكم بن سعيد الفارقي في اول خلافته ثم تقلد القضاء القاسم بن عبد العزيز ابن النعمان ثم ابو يعلي ويقال ابو الحسن احمد بن حمزة بن احمد العرقي و-----مات فولي ابو الفضل القضاعي ثم جلال الدولة ابو القاسم علي بن احمد بن عمار------- وولي---- الفضل ابن نباتة ثم ابو الفضل بن عتيق ثم ابو الحسن علي بن يوسف بن----- الكحال ثم فخر الا-حكام ابو الفضل محمد بن عبد الحاكم,الدولة ملك العراق ثم ولي بعده ابو الحسن طاهر بن وزير الطرابلسي ثم صرف وكان احد الكتاب بديوان الانشاء فولي بعده ابو عبد الله محمد بن ابي حامد التنيسي يوما واحدا وقتل فوجد له مال كثير ثم ولي ابو سعد منصور بن ابي ايمن سورس بن مكرواه بن زنبور وكان نصرانيا فاسلم ويقال انه لم يسلم ثم ولي بعده ابو العلاء عبد الغني بن نصر بن سعيد الضيف وصرف فلما قدم امير الجيوش تسلمها ولما قدم امير الجيوش من عكا صار وزير السيف والقلم وولي القضاء ايضا وزيد في القابه كافل قضاة المسلمين وهادي دعاة المءمنين ثم لما مات وزر من بعده ابنه الافضل واما قضاته فقد تقدم من جمع له القضاء مع الوزارة والذين افردوا بوظيفة القضاء عبد الحاكم بن سعيد الفارقي في اول خلافته ثم تقلد القضاء القاسم بن عبد العزيز ابن النعمان ثم ابو يعلي ويقال ابو الحسن احمد بن حمزة بن احمد العرقي ومات فولي ابو الفضل القضاعي ثم جلال الدولة ابو القاسم علي بن احمد بن عمار وولي الفضل ابن نباتة ثم ابو الفضل بن عتيق ثم ابو الحسن علي بن يوسف بن الكحال ثم فخر الاحكام ابو الفضل محمد بن عبد الحاكم ,0,0
407,0,935,الدولة ملك --العراق ثم ولي بعده ابو الحسن طاهر بن وزير الطرابلسي ثم ص----------------رف وكان احد الكتاب بديوان الانشاء فولي بعده ابو عبد الله محمد بن ابي حامد التنيسي يوما واحدا --وقتل فوجد له مال كثير ثم ولي ابو سعد منصور بن ابي ا-يمن--- سورس بن مكرواه بن زنبور وكان نصرانيا فاسلم ويقال----- انه لم يسلم ثم ولي بعده ابو العلاء عبد الغني بن نصر بن سعيد الضيف وصرف ------فلما -قدم امير الجيوش -تسلمها ولما قدم امير الجيوش------------ من عكا -صار وزير السيف والقلم وولي القضاء ايضا وزيد في القابه كافل قضاة المسلمين وهادي دعاة المءمنين ثم لما مات وزر من بعده ابنه الافضل واما قضاته فقد تقدم---- من جمع له القضاء مع- الوزارة وا-لذين ا-فردوا بوظيفة القضاء -عبد الحاكم بن سعيد الفارقي في اول خلافته ثم تقلد القضاء القاسم بن عبد العزيز ابن النعمان ثم ابو يعلي ويقال ابو الحسن احمد بن حمزة بن احمد العرقي و-----مات فولي ابو الفضل القضاعي ثم جلال الدولة ابو القاسم علي بن احمد بن عمار------- وولي---- الفضل ابن نباتة ثم ابو الفضل بن عتيق ثم ابو الحسن علي بن يوسف بن----- الكحال ثم فخر الا-حكام ابو الفضل محمد بن عبد الحاكم,ومما رثي به المستنصر قول حظي الدولة ابي المناقب عبد الباقي بن علي التنوخي الشاعر من ابيات وليس ردي المستنصر اليوم كالردي ولا قدره امر يقاس به امر لقد هاب ملك الموت اتيانه ضحي ففاجاه ليلا وما طلع الفجر فاجري عليه حين مات دموعنا سماء فقال الناس لا بل هو القطر وقد بكت الخنساء صخرا وانه ليبكيه من فرط المصاب به الصخر وقلدنا المستعلي الطهر حسب ما عليه قديما نص والده الطهر ,0,0
445,1047,1248,الاجل المامون تاج الخلافة عز الاسلام فخر الانام نظام الدين والدنيا ثم نعت بما كان ينعت به الافضل وهو السيد الاجل المامون امير الجيوش سيف الاسلام ناصر الامام كافل قضاة المسلمين وهادي رعاة المءمنين ولما,الاجل المامون تاج الخلافة عز الاسلام فخر الانام نظام الدين والدنيا ثم نعت بما كان ينعت به الافضل وهو السيد الاجل المامون امير الجيوش سيف الاسلام ناصر الامام كافل قضاة المسلمين وهادي رعاة المءمنين ولما ,0,0
454,658,859,بكلام فيه غلظة ووالله ما مضي اخي نزار الي ناصر الدولة افتكين بالاسكندرية لطلب امامة ولا لادعاء حق ولكن طالب بالزوال للافضل وابطال امره لما فعله معه والله يلعن من يخالف ظاهره -باطن-------------------ه فشكرها الناس علي ذلك,للامر قد كشفت الغطاء وفعلت ما لا يقدر احد علي فعله واما القصر فما لي فيه حيلة ولوح ان اخت نزار واولادها لا يمكنني كشف امرهم فلما بلغ اخت نزار ذلك حضرت الي الخليفة الامر لتبرء نفسها ورغبت ان تخرج للناس لتقول ما سمعته من والدها وشاهدته ليكون قولها حجة علي من يدعي لاخيها ما ليس له فاستحسن الامر ذلك منها واحضر المامون واخاه شقيقه ابا الفضل جعفر بن المستعلي واتفقوا علي يوم يجتمعون فيه فلما كان في شوال ,0,0
454,658,859,بكلام فيه غلظة ووالله ما مضي اخي نزار الي ناصر الدولة افتكين بالاسكندرية لطلب امامة ولا لادعاء حق ولكن طالب بالزوال للافضل وابطال امره لما فعله معه والله يلعن من يخالف ظاهره -باطن-------------------ه فشكرها الناس علي ذلك,عيناه وفي اليوم الذي انتقل والدي في ليلته استدعي عمتي بنت الظاهر فاسر اليها من بيننا ومد يده اليها فقبلها وعاهدها واشهد الله تعالي معلنا ومظهرا فلما انتقل في تلك الليلة حضر صبيحتها الافضل ومعه الداعي والامراء والاجناد ووقف بظاهر المقرمة ثم جلس وكلهم قيام واخذ في التعزية ثم قال يا مولاتنا من ارتضاه للخلافة فقالت هي امانة قد عاهدني عليها واوصاني بان الخليفة من بعده ولده ابو القاسم احمد فحضر وبايعته عمتي وبايعه اخوه الاكبر عبد الله فاشار الافضل الي نزار فبايعه وامر بالتوكيل علي نزار وتاخيره فاخر الي مكان لا يصلح له واستدعي الافضل الداعي وامره باخذ البيعة من نفسه ومن الموالي والاستاذين وسالت عمتي الافضل في نزار فرفع عنه التوكيل عليه بعد ان كلمه ,0,0
454,658,859,بكلام فيه غلظة ووالله ما مضي اخي نزار الي ناصر الدولة افتكين بالاسكندرية لطلب امامة ولا لادعاء حق ولكن طالب بالزوال للافضل وابطال امره لما فعله معه والله يلعن من يخالف ظاهره -باطن-------------------ه فشكرها الناس علي ذلك,بكلام فيه غلظة ووالله ما مضي اخي نزار الي ناصر الدولة افتكين بالاسكندرية لطلب امامة ولا لادعاء حق ولكن طالب بالزوال للافضل وابطال امره لما فعله معه والله يلعن من يخالف ظاهره باطنه فشكرها الناس علي ذلك ,0,0
459,190,972,مات الامير السعيد محمود بن ظفر والي قوص--- وركب المامون -الي الجامع الازهر فلما كان وق-ت صلاة الصبح -----------------------تقدم قاضي القضاة ثقة الملك ابو الفتح مسلم بن علي الراسعيني وصلي فلما قرا الفاتحة لحقه زمع شديد وارتعد فلحن في الفاتحة وقرا--------- والشمس وضحاها فلما قال ن-----اقة الله وسقياها ارتج عليه فرد المءتمن حيدرة اخو المامون عليه فاشتد زمعه--- فكرر عليه الرد ف-----------لم يهتد و----------------------------------قال وسقناها بالنون فقرا المامون---- بقية السورة و-----سجد الناس --وقام في- الركعة الثانية وقد دهش فلم يفتح عليه بشء فقرا المامون الفاتحة و-قل هو الله احد وقنت وهو معه يلقنه فلما انقضت الصلاة اشتد غضب المامون وامر متولي الباب بان يختم المقرءون وتخيل المقام وخرج من الجامع فوكل بالقاضي من يمضي به الي داره ويامره بالمقام بها من غير تصرف حتي يحفظ القران------ وقرر له راتبا فيما بعد ولزم داره وانفذ للوقت الي القاضي ابي الحجاج يوسف بن ايوب المغربي من قضاة الغربية,مات الامير السعيد محمود بن ظفر والي قوص وركب المامون الي الجامع الازهر فلما كان وقت صلاة الصبح تقدم قاضي القضاة ثقة الملك ابو الفتح مسلم بن علي الراسعيني وصلي فلما قرا الفاتحة لحقه زمع شديد وارتعد فلحن في الفاتحة وقرا والشمس وضحاها فلما قال ناقة الله وسقياها ارتج عليه فرد المءتمن حيدرة اخو المامون عليه فاشتد زمعه فكرر عليه الرد فلم يهتد وقال وسقناها بالنون فقرا المامون بقية السورة وسجد الناس وقام في الركعة الثانية وقد دهش فلم يفتح عليه بشء فقرا المامون الفاتحة وقل هو الله احد وقنت وهو معه يلقنه فلما انقضت الصلاة اشتد غضب المامون وامر متولي الباب بان يختم المقرءون وتخيل المقام وخرج من الجامع فوكل بالقاضي من يمضي به الي داره ويامره بالمقام بها من غير تصرف حتي يحفظ القران وقرر له راتبا فيما بعد ولزم داره وانفذ للوقت الي القاضي ابي الحجاج يوسف بن ايوب المغربي من قضاة الغربية ,0,0
466,871,1407,الله ووليه المنصور ابي علي الامر باحكام الله امير المءمنين ابن الامام المستعلي بالله امير المءمنين صلي الله عليهما الي الحرة الملكة السيدة الرضية الطاهرة الزكية وحيدة الزمن سيدة ملوك اليمن عدة الاسلام خالصة الامام نصيرة الدين عصمة المسترشدين كهف المستجيرين ولية امير المءمنين وكافية اولياءه الميامين ادام الله تمكينها ونعمتها واحسن توفيقها ومعونتها وفي اخره وامير المءمنين متطلع الي علم اخبارك ومعرفة انباءك فتواصلي بانهاء المتجدد منها ان شاء الله والسلام عليك ورحمة الله وبركاته ويطوي مدورا ويختم بحرير واشرطة ذهب وعنبر ويجعل في خريطة,هلال الدولة سوارا رسولا الي حرة اليمن وصحبته برسمها من التشريف مما لبسه الخليفة وما زج عرقه من الحلل المذهبات والملاءات الشرب المذهبة والشقق النفوسي والمغربي المقصور والاسكندراني المطرز جملة كثيرة في تخوت مدهونة مبطنة وسلال مملوءة من لحم الناقة التي نحرت بالمصلي واثني عشر مجلسا من المساطير التي تقرا كل خميس وعليها علامة الخليفة وكثير من النحاس القضيب والمرجان وكتب اليها كتابا في قطع الثلثين اوله من عبد ,0,0
466,871,1407,الله ووليه المنصور ابي علي الامر باحكام الله امير المءمنين ابن الامام المستعلي بالله امير المءمنين صلي الله عليهما الي الحرة الملكة السيدة الرضية الطاهرة الزكية وحيدة الزمن سيدة ملوك اليمن عدة الاسلام خالصة الامام نصيرة الدين عصمة المسترشدين كهف المستجيرين ولية امير المءمنين وكافية اولياءه الميامين ادام الله تمكينها ونعمتها واحسن توفيقها ومعونتها وفي اخره وامير المءمنين متطلع الي علم اخبارك ومعرفة انباءك فتواصلي بانهاء المتجدد منها ان شاء الله والسلام عليك ورحمة الله وبركاته ويطوي مدورا ويختم بحرير واشرطة ذهب وعنبر ويجعل في خريطة,الله ووليه المنصور ابي علي الامر باحكام الله امير المءمنين ابن الامام المستعلي بالله امير المءمنين صلي الله عليهما الي الحرة الملكة السيدة الرضية الطاهرة الزكية وحيدة الزمن سيدة ملوك اليمن عدة الاسلام خالصة الامام نصيرة الدين عصمة المسترشدين كهف المستجيرين ولية امير المءمنين وكافية اولياءه الميامين ادام الله تمكينها ونعمتها واحسن توفيقها ومعونتها وفي اخره وامير المءمنين متطلع الي علم اخبارك ومعرفة انباءك فتواصلي بانهاء المتجدد منها ان شاء الله والسلام عليك ورحمة الله وبركاته ويطوي مدورا ويختم بحرير واشرطة ذهب وعنبر ويجعل في خريطة ,0,0
468,552,820,وص-ل رسول الامير تاج الخلافة ابي منصور حسن بن علي بن يحيي بن تميم بن معز ابن باديس صاحب المهدية يخبر بانحيازه للدولة وان رجار -بن رجار صاحب صقلية تواصلت اذيته وقد استعد لمحاربته وسال ان يسير لرجار يمنعه من ذلك فسي-------ر اليه مصطنع الدولة علي بن احمد بن زين الخد فاصلح بينهما,وصل رسول الامير تاج الخلافة ابي منصور حسن بن علي بن يحيي بن تميم بن معز ابن باديس صاحب المهدية يخبر بانحيازه للدولة وان رجار بن رجار صاحب صقلية تواصلت اذيته وقد استعد لمحاربته وسال ان يسير لرجار يمنعه من ذلك فسير اليه مصطنع الدولة علي بن احمد بن زين الخد فاصلح بينهما ,0,0
468,552,820,وص-ل رسول الامير تاج الخلافة ابي منصور حسن بن علي بن يحيي بن تميم بن معز ابن باديس صاحب المهدية يخبر بانحيازه للدولة وان رجار -بن رجار صاحب صقلية تواصلت اذيته وقد استعد لمحاربته وسال ان يسير لرجار يمنعه من ذلك فسي-------ر اليه مصطنع الدولة علي بن احمد بن زين الخد فاصلح بينهما,توفي ولي الدولة ابو البركات بن عبد الحقيق داعي الدعاة فاستقر عوضه ابو محمد حسن بن ادم وكان يدعي بالقاضي لابوته وسنه واشتهاره بالعلم فبعث الامر باحكام الله الي الوزير المامون ان يستخدم ابا الفخر صالحا فذكر المامون ان اكثر المجالس التي كانت تعمل في ايام النعمان بخط ابيه وان ابا الفخر حدث السن ولا يماثل المذكور في العلم واضيف اليه الخطابة بالجامع الازهر مع قراءته الكتب وورد الخبر بان الفرنج افتدوا بغدوين رويس الملك بثمانين الف دينار وثلاثين اسيرا من المسلمين وكان صاحب حلب قد اسره في وقعة له مع الفرنج وعمل ما جري به الرسم في مواسم السنة وفيها جرت عمارة سور الاسكندرية وفيها حمل الي عسقلان ثلاثة وعشرون الفا وستماءة واحد وثلاثون اردبا من الغلال ,0,101
468,552,820,وص-ل رسول الامير تاج الخلافة ابي منصور حسن بن علي بن يحيي بن تميم بن معز ابن باديس صاحب المهدية يخبر بانحيازه للدولة وان رجار -بن رجار صاحب صقلية تواصلت اذيته وقد استعد لمحاربته وسال ان يسير لرجار يمنعه من ذلك فسي-------ر اليه مصطنع الدولة علي بن احمد بن زين الخد فاصلح بينهما,سنة ثمان عشرة وخمسماءة فيها ملك الفرنج مدينة صور واستمرت بايديهم حتي زالت الدولة الفاطمية وكان اخذهم ,646,0
494,43,269,رام الاعداء دثوره واعززت الاسلام بان جعلت طلوعه علي الامة وظهوره وجعلته اية لمن تدبر الحقاءق بباطن البصيرة مولانا وسيدنا وامام عصرنا وزماننا عبد المجيد ابي الميمون وعلي اباءه الطاهرين وابناءه الاكرمين صلاة داءمة الي يوم الدين,رام الاعداء دثوره واعززت الاسلام بان جعلت طلوعه علي الامة وظهوره وجعلته اية لمن تدبر الحقاءق بباطن البصيرة مولانا وسيدنا وامام عصرنا وزماننا عبد المجيد ابي الميمون وعلي اباءه الطاهرين وابناءه الاكرمين صلاة داءمة الي يوم الدين ,0,0
494,1141,1338,سنة سبع وعشرين وخمسماءة فيها حشد جماعة من العبيد بالاعمال الشرقية فخرج اليهم عسكر كانت---- بينهم وبينه حروب وفيها سلم الحافظ امر الديوان الي الشريف معتمد الدولة علي بن جعفر بن غسان المعروف بابن -----العساف,رام الاعداء دثوره واعززت الاسلام بان جعلت طلوعه علي الامة وظهوره وجعلته اية لمن تدبر الحقاءق بباطن البصيرة مولانا وسيدنا وامام عصرنا وزماننا عبد المجيد ابي الميمون وعلي اباءه الطاهرين وابناءه الاكرمين صلاة داءمة الي يوم الدين ,0,0
494,43,269,رام الاعداء دثوره واعززت الاسلام بان جعلت طلوعه علي الامة وظهوره وجعلته اية لمن تدبر الحقاءق بباطن البصيرة مولانا وسيدنا وامام عصرنا وزماننا عبد المجيد ابي الميمون وعلي اباءه الطاهرين وابناءه الاكرمين صلاة داءمة الي يوم الدين,سنة سبع وعشرين وخمسماءة فيها حشد جماعة من العبيد بالاعمال الشرقية فخرج اليهم عسكر كانت بينهم وبينه حروب وفيها سلم الحافظ امر الديوان الي الشريف معتمد الدولة علي بن جعفر بن غسان المعروف بابن العساف ,0,0
494,1141,1338,سنة سبع وعشرين وخمسماءة فيها حشد جماعة من العبيد بالاعمال الشرقية فخرج اليهم عسكر كانت---- بينهم وبينه حروب وفيها سلم الحافظ امر الديوان الي الشريف معتمد الدولة علي بن جعفر بن غسان المعروف بابن -----العساف,سنة سبع وعشرين وخمسماءة فيها حشد جماعة من العبيد بالاعمال الشرقية فخرج اليهم عسكر كانت بينهم وبينه حروب وفيها سلم الحافظ امر الديوان الي الشريف معتمد الدولة علي بن جعفر بن غسان المعروف بابن العساف ,0,0
503,1013,1615,الي تنيس فاقام بها الي يوم الاثنين ثاني ربيع الاول وقتل وهو من قيسارية وقدم منها مع ابيه وهو صغير في وزارة امير الجيوش بدر الجمالي عند حضوره الي المستنصر في سني الشدة وبعثه الي البلاد الشامية لاحضار ارباب الاموال و----اليسار وكان من جملة من احضر والد القاضي وكان له مال جزيل ففوض اليه ------خطابة الجامع بمصر وفتح----- دار وكالة واقام بها مدة حتي مات فترقي ولده الي ان ولي القضاء---------- عدة مرار وكان له افضال ومكارم وحصلت له وجاهة ورتبة جليلة وضرب------ دنانير كثيرة كان اقترحها علي الخليفة الامر وهو الذي اخرج الفستق الملبس بالحلوي فانه بلغه ان ابا بكر محمد بن علي المادراءي----------------------- عمل الكعك الذي يقال له افطن له وعمل عوضا من حشو السكر-,البيض وهي اماكن حصينة في غربي اخميم فتفرق عنه عدة من الارمن وساروا يريدون بلادهم واما رضوان فانه لما وصل الي القاهرة وقف بين القصرين واستاذن الحافظ فيما يفعله فاشار بنزوله في دار الوزارة فنزلها وخلع عليه خلع الوزارة يوم الجمعة ثالث عشر جمادي الاولي ونعت بالسيد الاجل الملك الافضل فاستدعي بالاموال من الخليفة وانفق في الجند ومهد الامر ورضوان اول وزير لقب بالملك فلما كن في اليوم الثالث من استقراره في الوزارة سير اخاه الاوحد ابراهيم ومعه العسكر شرقا وغربا والاسطول بحرا في طلب بهرام وبيده امان له ليعود مكرما وطاءفته علي اقطاعاتهم فسار الي الاديرة وتقرر الحال من غير قتال علي اقامة بهرام بها وذلك ان اسوان امتنعت عليه بكنز الدولة واهلها فاضطر الي الاقامة بالاديرة وقد فارقه اكثر الارمن فمنهم من سار الي بلاده ومنهم من اقام بارض مصر ليكونوا فلاحين فسال لهم مواضع يسكنونها فافردت لهم جهات منها سمالوط وابوان واقلوسنا والبرجين في صعيد مصر وضيعة اخري باعمال المحلة واقام بهرام بالاديرة البيض ومعه اهله وولده وفيها صرف ابو عبد الله محمد بن ميسر عن قضاء القضاة في يوم الاحد لسبع خلون من المحرم والوزير اذ ذاك بهرام ,0,0
503,0,1008,البيض وهي اماكن حصينة في غربي اخميم فتفرق عنه عدة من الارمن وساروا يريدون بلادهم------------------------------------------------------------- واما رضوان فانه لما وصل الي----- القاهرة -----------وقف بين القصرين واستاذن الحافظ فيما يفعله فاشار بنزوله ف-ي دار الوزارة فنزلها و-خلع عليه خلع الوزارة يوم الجمعة ثالث عشر----------------- جمادي الاولي ونعت بالسيد الاجل الملك الافضل فاستدعي بالاموال من الخليفة وانفق في الجند ومهد الامر ورضوان اول وزير لقب بالملك فلما كن في اليوم الثالث من استقراره في الوزارة سير اخاه الاوحد ابراهيم ومعه العسكر شرقا وغربا والاسطول بحرا في طلب بهرام وبيده امان له ليعود مكرما وطاءفته علي اقطاعاتهم فسار الي الاديرة وتقرر الحال من غير قتال علي اقامة بهرام بها وذلك ان اسوان امتنعت عليه بكنز الدولة واهلها فاضطر الي الاقامة بالاديرة وقد فارقه اكثر الارمن فمنهم من سار الي بلاده ومنهم من اقام بارض مصر ليكونوا فلاحين فسال لهم مواضع يسكنونها فافردت لهم جهات منها سمالوط وابوان واقلوسنا والبرجين في صعيد مصر وضيعة اخري باعمال المحلة واقام بهرام بالاديرة البيض ومعه اهله وولده وفيها صرف ابو عبد الله محمد بن ميسر عن قضاء القضاة في يوم الاحد لسبع خلون من المحرم والوزير اذ ذاك بهرام,البيض وهي اماكن حصينة في غربي اخميم فتفرق عنه عدة من الارمن وساروا يريدون بلادهم واما رضوان فانه لما وصل الي القاهرة وقف بين القصرين واستاذن الحافظ فيما يفعله فاشار بنزوله في دار الوزارة فنزلها وخلع عليه خلع الوزارة يوم الجمعة ثالث عشر جمادي الاولي ونعت بالسيد الاجل الملك الافضل فاستدعي بالاموال من الخليفة وانفق في الجند ومهد الامر ورضوان اول وزير لقب بالملك فلما كن في اليوم الثالث من استقراره في الوزارة سير اخاه الاوحد ابراهيم ومعه العسكر شرقا وغربا والاسطول بحرا في طلب بهرام وبيده امان له ليعود مكرما وطاءفته علي اقطاعاتهم فسار الي الاديرة وتقرر الحال من غير قتال علي اقامة بهرام بها وذلك ان اسوان امتنعت عليه بكنز الدولة واهلها فاضطر الي الاقامة بالاديرة وقد فارقه اكثر الارمن فمنهم من سار الي بلاده ومنهم من اقام بارض مصر ليكونوا فلاحين فسال لهم مواضع يسكنونها فافردت لهم جهات منها سمالوط وابوان واقلوسنا والبرجين في صعيد مصر وضيعة اخري باعمال المحلة واقام بهرام بالاديرة البيض ومعه اهله وولده وفيها صرف ابو عبد الله محمد بن ميسر عن قضاء القضاة في يوم الاحد لسبع خلون من المحرم والوزير اذ ذاك بهرام ,0,0
503,1013,1615,الي تنيس فاقام بها الي يوم الاثنين ثاني ربيع الاول وقتل وهو من قيسارية وقدم منها مع ابيه وهو صغير في وزارة امير الجيوش بدر الجمالي عند حضوره الي المستنصر في سني الشدة وبعثه الي البلاد الشامية لاحضار ارباب الاموال و----اليسار وكان من جملة من احضر والد القاضي وكان له مال جزيل ففوض اليه ------خطابة الجامع بمصر وفتح----- دار وكالة واقام بها مدة حتي مات فترقي ولده الي ان ولي القضاء---------- عدة مرار وكان له افضال ومكارم وحصلت له وجاهة ورتبة جليلة وضرب------ دنانير كثيرة كان اقترحها علي الخليفة الامر وهو الذي اخرج الفستق الملبس بالحلوي فانه بلغه ان ابا بكر محمد بن علي المادراءي----------------------- عمل الكعك الذي يقال له افطن له وعمل عوضا من حشو السكر-,الي تنيس فاقام بها الي يوم الاثنين ثاني ربيع الاول وقتل وهو من قيسارية وقدم منها مع ابيه وهو صغير في وزارة امير الجيوش بدر الجمالي عند حضوره الي المستنصر في سني الشدة وبعثه الي البلاد الشامية لاحضار ارباب الاموال واليسار وكان من جملة من احضر والد القاضي وكان له مال جزيل ففوض اليه خطابة الجامع بمصر وفتح دار وكالة واقام بها مدة حتي مات فترقي ولده الي ان ولي القضاء عدة مرار وكان له افضال ومكارم وحصلت له وجاهة ورتبة جليلة وضرب دنانير كثيرة كان اقترحها علي الخليفة الامر وهو الذي اخرج الفستق الملبس بالحلوي فانه بلغه ان ابا بكر محمد بن علي المادراءي عمل الكعك الذي يقال له افطن له وعمل عوضا من حشو السكر,0,0
503,0,1008,البيض وهي اماكن حصينة في غربي اخميم فتفرق عنه عدة من الارمن وساروا يريدون بلادهم------------------------------------------------------------- واما رضوان فانه لما وصل الي----- القاهرة -----------وقف بين القصرين واستاذن الحافظ فيما يفعله فاشار بنزوله ف-ي دار الوزارة فنزلها و-خلع عليه خلع الوزارة يوم الجمعة ثالث عشر----------------- جمادي الاولي ونعت بالسيد الاجل الملك الافضل فاستدعي بالاموال من الخليفة وانفق في الجند ومهد الامر ورضوان اول وزير لقب بالملك فلما كن في اليوم الثالث من استقراره في الوزارة سير اخاه الاوحد ابراهيم ومعه العسكر شرقا وغربا والاسطول بحرا في طلب بهرام وبيده امان له ليعود مكرما وطاءفته علي اقطاعاتهم فسار الي الاديرة وتقرر الحال من غير قتال علي اقامة بهرام بها وذلك ان اسوان امتنعت عليه بكنز الدولة واهلها فاضطر الي الاقامة بالاديرة وقد فارقه اكثر الارمن فمنهم من سار الي بلاده ومنهم من اقام بارض مصر ليكونوا فلاحين فسال لهم مواضع يسكنونها فافردت لهم جهات منها سمالوط وابوان واقلوسنا والبرجين في صعيد مصر وضيعة اخري باعمال المحلة واقام بهرام بالاديرة البيض ومعه اهله وولده وفيها صرف ابو عبد الله محمد بن ميسر عن قضاء القضاة في يوم الاحد لسبع خلون من المحرم والوزير اذ ذاك بهرام,الي تنيس فاقام بها الي يوم الاثنين ثاني ربيع الاول وقتل وهو من قيسارية وقدم منها مع ابيه وهو صغير في وزارة امير الجيوش بدر الجمالي عند حضوره الي المستنصر في سني الشدة وبعثه الي البلاد الشامية لاحضار ارباب الاموال واليسار وكان من جملة من احضر والد القاضي وكان له مال جزيل ففوض اليه خطابة الجامع بمصر وفتح دار وكالة واقام بها مدة حتي مات فترقي ولده الي ان ولي القضاء عدة مرار وكان له افضال ومكارم وحصلت له وجاهة ورتبة جليلة وضرب دنانير كثيرة كان اقترحها علي الخليفة الامر وهو الذي اخرج الفستق الملبس بالحلوي فانه بلغه ان ابا بكر محمد بن علي المادراءي عمل الكعك الذي يقال له افطن له وعمل عوضا من حشو السكر,0,0
512,640,1634,احمد بن مفرج بن احمد بن ابي الخليل الصقلي الشاعر المعروف بتلميذ ابن سابق وكان فاضلا ذكيا يتصرف في عدة فنون---- وله رساءل حسنة--------- وشعر جيد و---------كان الشعراء في ايام الحافظ قد اطنبوا في المديح وتناهوا في اطالة القصاءد حتي صار الانشاد يءدي الي قصر الوقت الذي جرت العادة باستماع اشعارهم فيه لطول مثولهم- بالخدمة فخرج الامر اليهم بالاختصار فيما ينشدونه من الاشعار فقال احمد بن مفرج يخاطب الخليفة --------------امرتنا ان نصوغ المدح مختصرا لم لا امرت ندي كفيك يختصر والله لا بد ان تجري سوابقنا حتي يبين لنا في مدحك الاثر فامروا بالاستمرار علي ما هم عليه من الاطالة في الانشاد سنة سبع وثلاثين وخمسماءة فيها عظم الوباء بديار مصر فهلك فيه عالم لا يحصي عدده كثرة وفيها بعث الحافظ الامير النجيب رسولا الي رجار ملك صقلية ل----محاربته اهل صقلية وكان رجار فيه فضيلة وامر فصنفت له تصانيف وكان عنده محبة للادب ومدحه ------ابن قلاقس الشاعر وغيره ----------------------------سنة ثمان وثلاثين وخمسماءة فيها خرج محمد بن رافع اللواتي بنواحي البحيرة فاجتمع له عدد كثير- من ال--ناس فخرج اليه- طلاءع بن رزيك وهو يومءذ والي البحيرة فكانت بينهما حروب قتل فيها وف-------------يها غلت الاسعار بمصر سنة تسع-,وفيها مات الفقيه ابو الفتح سلطان بن ابراهيم بن رشا المقدسي في اخر جمادي الاخرة ,0,493
512,640,1634,احمد بن مفرج بن احمد بن ابي الخليل الصقلي الشاعر المعروف بتلميذ ابن سابق وكان فاضلا ذكيا يتصرف في عدة فنون---- وله رساءل حسنة--------- وشعر جيد و---------كان الشعراء في ايام الحافظ قد اطنبوا في المديح وتناهوا في اطالة القصاءد حتي صار الانشاد يءدي الي قصر الوقت الذي جرت العادة باستماع اشعارهم فيه لطول مثولهم- بالخدمة فخرج الامر اليهم بالاختصار فيما ينشدونه من الاشعار فقال احمد بن مفرج يخاطب الخليفة --------------امرتنا ان نصوغ المدح مختصرا لم لا امرت ندي كفيك يختصر والله لا بد ان تجري سوابقنا حتي يبين لنا في مدحك الاثر فامروا بالاستمرار علي ما هم عليه من الاطالة في الانشاد سنة سبع وثلاثين وخمسماءة فيها عظم الوباء بديار مصر فهلك فيه عالم لا يحصي عدده كثرة وفيها بعث الحافظ الامير النجيب رسولا الي رجار ملك صقلية ل----محاربته اهل صقلية وكان رجار فيه فضيلة وامر فصنفت له تصانيف وكان عنده محبة للادب ومدحه ------ابن قلاقس الشاعر وغيره ----------------------------سنة ثمان وثلاثين وخمسماءة فيها خرج محمد بن رافع اللواتي بنواحي البحيرة فاجتمع له عدد كثير- من ال--ناس فخرج اليه- طلاءع بن رزيك وهو يومءذ والي البحيرة فكانت بينهما حروب قتل فيها وف-------------يها غلت الاسعار بمصر سنة تسع-,سنة ست وثلاثين وخمسماءة في ليلة الثلاثاء الثاني عشر من ربيع الاول سقطت صاعقة احرقت ركن منارة الجامع العتيق في شعبان غلت الاسعار وعدم القمح والشعير فبلغ القمح كل اردب الي تسعين درهما والدقيق الي ماءة وخمسين للحملة والخبز الي ثلاثة ارطال بدرهم والويبة من الشعير الي سبعة دراهم والزيت الطيب الي سبعة دراهم للرطل والجبن الي درهمين للرطل والبيض الي عشرين درهما للماءة والزيت الحار الي درهم ونصف للرطل والقلقاس كل رطلين بدرهم وعدم الفرخ والدجاج فلم يقدر علي شء منه وعم الوباء وكثر الموتان وفيها مات ,79,0
512,640,1634,احمد بن مفرج بن احمد بن ابي الخليل الصقلي الشاعر المعروف بتلميذ ابن سابق وكان فاضلا ذكيا يتصرف في عدة فنون---- وله رساءل حسنة--------- وشعر جيد و---------كان الشعراء في ايام الحافظ قد اطنبوا في المديح وتناهوا في اطالة القصاءد حتي صار الانشاد يءدي الي قصر الوقت الذي جرت العادة باستماع اشعارهم فيه لطول مثولهم- بالخدمة فخرج الامر اليهم بالاختصار فيما ينشدونه من الاشعار فقال احمد بن مفرج يخاطب الخليفة --------------امرتنا ان نصوغ المدح مختصرا لم لا امرت ندي كفيك يختصر والله لا بد ان تجري سوابقنا حتي يبين لنا في مدحك الاثر فامروا بالاستمرار علي ما هم عليه من الاطالة في الانشاد سنة سبع وثلاثين وخمسماءة فيها عظم الوباء بديار مصر فهلك فيه عالم لا يحصي عدده كثرة وفيها بعث الحافظ الامير النجيب رسولا الي رجار ملك صقلية ل----محاربته اهل صقلية وكان رجار فيه فضيلة وامر فصنفت له تصانيف وكان عنده محبة للادب ومدحه ------ابن قلاقس الشاعر وغيره ----------------------------سنة ثمان وثلاثين وخمسماءة فيها خرج محمد بن رافع اللواتي بنواحي البحيرة فاجتمع له عدد كثير- من ال--ناس فخرج اليه- طلاءع بن رزيك وهو يومءذ والي البحيرة فكانت بينهما حروب قتل فيها وف-------------يها غلت الاسعار بمصر سنة تسع-,احمد بن مفرج بن احمد بن ابي الخليل الصقلي الشاعر المعروف بتلميذ ابن سابق وكان فاضلا ذكيا يتصرف في عدة فنون وله رساءل حسنة وشعر جيد وكان الشعراء في ايام الحافظ قد اطنبوا في المديح وتناهوا في اطالة القصاءد حتي صار الانشاد يءدي الي قصر الوقت الذي جرت العادة باستماع اشعارهم فيه لطول مثولهم بالخدمة فخرج الامر اليهم بالاختصار فيما ينشدونه من الاشعار فقال احمد بن مفرج يخاطب الخليفة امرتنا ان نصوغ المدح مختصرا لم لا امرت ندي كفيك يختصر والله لا بد ان تجري سوابقنا حتي يبين لنا في مدحك الاثر فامروا بالاستمرار علي ما هم عليه من الاطالة في الانشاد ,0,452
512,640,1634,احمد بن مفرج بن احمد بن ابي الخليل الصقلي الشاعر المعروف بتلميذ ابن سابق وكان فاضلا ذكيا يتصرف في عدة فنون---- وله رساءل حسنة--------- وشعر جيد و---------كان الشعراء في ايام الحافظ قد اطنبوا في المديح وتناهوا في اطالة القصاءد حتي صار الانشاد يءدي الي قصر الوقت الذي جرت العادة باستماع اشعارهم فيه لطول مثولهم- بالخدمة فخرج الامر اليهم بالاختصار فيما ينشدونه من الاشعار فقال احمد بن مفرج يخاطب الخليفة --------------امرتنا ان نصوغ المدح مختصرا لم لا امرت ندي كفيك يختصر والله لا بد ان تجري سوابقنا حتي يبين لنا في مدحك الاثر فامروا بالاستمرار علي ما هم عليه من الاطالة في الانشاد سنة سبع وثلاثين وخمسماءة فيها عظم الوباء بديار مصر فهلك فيه عالم لا يحصي عدده كثرة وفيها بعث الحافظ الامير النجيب رسولا الي رجار ملك صقلية ل----محاربته اهل صقلية وكان رجار فيه فضيلة وامر فصنفت له تصانيف وكان عنده محبة للادب ومدحه ------ابن قلاقس الشاعر وغيره ----------------------------سنة ثمان وثلاثين وخمسماءة فيها خرج محمد بن رافع اللواتي بنواحي البحيرة فاجتمع له عدد كثير- من ال--ناس فخرج اليه- طلاءع بن رزيك وهو يومءذ والي البحيرة فكانت بينهما حروب قتل فيها وف-------------يها غلت الاسعار بمصر سنة تسع-,سنة سبع وثلاثين وخمسماءة فيها عظم الوباء بديار مصر فهلك فيه عالم لا يحصي عدده كثرة وفيها بعث الحافظ الامير النجيب رسولا الي رجار ملك صقلية لمحاربته اهل صقلية وكان رجار فيه فضيلة وامر فصنفت له تصانيف وكان عنده محبة للادب ومدحه ابن قلاقس الشاعر وغيره ,542,203
512,640,1634,احمد بن مفرج بن احمد بن ابي الخليل الصقلي الشاعر المعروف بتلميذ ابن سابق وكان فاضلا ذكيا يتصرف في عدة فنون---- وله رساءل حسنة--------- وشعر جيد و---------كان الشعراء في ايام الحافظ قد اطنبوا في المديح وتناهوا في اطالة القصاءد حتي صار الانشاد يءدي الي قصر الوقت الذي جرت العادة باستماع اشعارهم فيه لطول مثولهم- بالخدمة فخرج الامر اليهم بالاختصار فيما ينشدونه من الاشعار فقال احمد بن مفرج يخاطب الخليفة --------------امرتنا ان نصوغ المدح مختصرا لم لا امرت ندي كفيك يختصر والله لا بد ان تجري سوابقنا حتي يبين لنا في مدحك الاثر فامروا بالاستمرار علي ما هم عليه من الاطالة في الانشاد سنة سبع وثلاثين وخمسماءة فيها عظم الوباء بديار مصر فهلك فيه عالم لا يحصي عدده كثرة وفيها بعث الحافظ الامير النجيب رسولا الي رجار ملك صقلية ل----محاربته اهل صقلية وكان رجار فيه فضيلة وامر فصنفت له تصانيف وكان عنده محبة للادب ومدحه ------ابن قلاقس الشاعر وغيره ----------------------------سنة ثمان وثلاثين وخمسماءة فيها خرج محمد بن رافع اللواتي بنواحي البحيرة فاجتمع له عدد كثير- من ال--ناس فخرج اليه- طلاءع بن رزيك وهو يومءذ والي البحيرة فكانت بينهما حروب قتل فيها وف-------------يها غلت الاسعار بمصر سنة تسع-,سنة ثمان وثلاثين وخمسماءة فيها خرج محمد بن رافع اللواتي بنواحي البحيرة فاجتمع له عدد كثير من الناس فخرج اليه طلاءع بن رزيك وهو يومءذ والي البحيرة فكانت بينهما حروب قتل فيها وفيها غلت الاسعار بمصر ,791,7
512,640,1634,احمد بن مفرج بن احمد بن ابي الخليل الصقلي الشاعر المعروف بتلميذ ابن سابق وكان فاضلا ذكيا يتصرف في عدة فنون---- وله رساءل حسنة--------- وشعر جيد و---------كان الشعراء في ايام الحافظ قد اطنبوا في المديح وتناهوا في اطالة القصاءد حتي صار الانشاد يءدي الي قصر الوقت الذي جرت العادة باستماع اشعارهم فيه لطول مثولهم- بالخدمة فخرج الامر اليهم بالاختصار فيما ينشدونه من الاشعار فقال احمد بن مفرج يخاطب الخليفة --------------امرتنا ان نصوغ المدح مختصرا لم لا امرت ندي كفيك يختصر والله لا بد ان تجري سوابقنا حتي يبين لنا في مدحك الاثر فامروا بالاستمرار علي ما هم عليه من الاطالة في الانشاد سنة سبع وثلاثين وخمسماءة فيها عظم الوباء بديار مصر فهلك فيه عالم لا يحصي عدده كثرة وفيها بعث الحافظ الامير النجيب رسولا الي رجار ملك صقلية ل----محاربته اهل صقلية وكان رجار فيه فضيلة وامر فصنفت له تصانيف وكان عنده محبة للادب ومدحه ------ابن قلاقس الشاعر وغيره ----------------------------سنة ثمان وثلاثين وخمسماءة فيها خرج محمد بن رافع اللواتي بنواحي البحيرة فاجتمع له عدد كثير- من ال--ناس فخرج اليه- طلاءع بن رزيك وهو يومءذ والي البحيرة فكانت بينهما حروب قتل فيها وف-------------يها غلت الاسعار بمصر سنة تسع-,سنة تسع,987,0
527,930,1540,ثل-ثماءة الف دينار و----سبب مسير الاسطول تخريب الفرنج ل---------لفرما وفيها قطع العادل بن السلار جميع الكسوات المقررة للناس في الدولة فعم ذلك الامراء والدواوين وغيرهم سنة سبع واربعين وخمسماءة فيها صرف ا------بن السلار اب----------ا الفضاءل يونس عن القضاء وكان من الاعيان النزهين الانفس الكبيرين الهمم العظيمين القدر لم يشرب قط ماء النيل بل ماء الابار ولم ياكل خبز السلطان وقرر عبد المحسن بن محمد -بن مكرم من بعده ثم صرفه وولي بعده بد----------ر بن ثمال بن نصير وقيل بل الذي تولي بعده ابو المعالي محمد بن جميع ابن نجا الدسوق-ي الشافعي سنة ثمان واربعين وخمسماءة فيها خرج ال-------------------------------------------------------------------------------------------------------عسكر من القاهرة لحفظ ثغر عسقلان من الفرنج وكانوا----- قد نزلوا علي---------ها في الس-نة الخالية,سنة خمس واربعين وخمسماءة فيها اغار جمع كثير من الفرنج علي الفرما ونهبوها وحرقوها واخربوها في رجب ,275,528
527,930,1540,ثل-ثماءة الف دينار و----سبب مسير الاسطول تخريب الفرنج ل---------لفرما وفيها قطع العادل بن السلار جميع الكسوات المقررة للناس في الدولة فعم ذلك الامراء والدواوين وغيرهم سنة سبع واربعين وخمسماءة فيها صرف ا------بن السلار اب----------ا الفضاءل يونس عن القضاء وكان من الاعيان النزهين الانفس الكبيرين الهمم العظيمين القدر لم يشرب قط ماء النيل بل ماء الابار ولم ياكل خبز السلطان وقرر عبد المحسن بن محمد -بن مكرم من بعده ثم صرفه وولي بعده بد----------ر بن ثمال بن نصير وقيل بل الذي تولي بعده ابو المعالي محمد بن جميع ابن نجا الدسوق-ي الشافعي سنة ثمان واربعين وخمسماءة فيها خرج ال-------------------------------------------------------------------------------------------------------عسكر من القاهرة لحفظ ثغر عسقلان من الفرنج وكانوا----- قد نزلوا علي---------ها في الس-نة الخالية,سنة ست واربعين وخمسماءة فيها جهز ابو منصور علي بن اسحاق المعروف بالعادل ابن السلار المراكب الحربية بالرجال والعدد وسيرها في ربيع الاول الي يافا فاسرت عدة من مراكب الفرنج واحرقوا ما عجزوا عن اخذه وقتلوا خلقا كثيرا من الفرنج بها ثم توجهوا الي ثغر عكا فانكوا فيهم وساروا منه الي صيدا وبيروت وطرابلس فابلوا بلاء حسنا وظفروا بجماعة من حجاج الفرنج فقتلوهم عن اخرهم وبلغ ذلك الملك العادل نور الدين محمود بن زنكي ملك الشام فعزم علي قصد الفرنج ومحاربتهم في البر ولو قدر ذلك لقطع الله دابر الفرنج لكنه اشتغل باصلاح امور دمشق وعاد الاسطول ,372,0
527,930,1540,ثل-ثماءة الف دينار و----سبب مسير الاسطول تخريب الفرنج ل---------لفرما وفيها قطع العادل بن السلار جميع الكسوات المقررة للناس في الدولة فعم ذلك الامراء والدواوين وغيرهم سنة سبع واربعين وخمسماءة فيها صرف ا------بن السلار اب----------ا الفضاءل يونس عن القضاء وكان من الاعيان النزهين الانفس الكبيرين الهمم العظيمين القدر لم يشرب قط ماء النيل بل ماء الابار ولم ياكل خبز السلطان وقرر عبد المحسن بن محمد -بن مكرم من بعده ثم صرفه وولي بعده بد----------ر بن ثمال بن نصير وقيل بل الذي تولي بعده ابو المعالي محمد بن جميع ابن نجا الدسوق-ي الشافعي سنة ثمان واربعين وخمسماءة فيها خرج ال-------------------------------------------------------------------------------------------------------عسكر من القاهرة لحفظ ثغر عسقلان من الفرنج وكانوا----- قد نزلوا علي---------ها في الس-نة الخالية,ثلثماءة الف دينار وسبب مسير الاسطول تخريب الفرنج للفرما وفيها قطع العادل بن السلار جميع الكسوات المقررة للناس في الدولة فعم ذلك الامراء والدواوين وغيرهم ,0,457
527,930,1540,ثل-ثماءة الف دينار و----سبب مسير الاسطول تخريب الفرنج ل---------لفرما وفيها قطع العادل بن السلار جميع الكسوات المقررة للناس في الدولة فعم ذلك الامراء والدواوين وغيرهم سنة سبع واربعين وخمسماءة فيها صرف ا------بن السلار اب----------ا الفضاءل يونس عن القضاء وكان من الاعيان النزهين الانفس الكبيرين الهمم العظيمين القدر لم يشرب قط ماء النيل بل ماء الابار ولم ياكل خبز السلطان وقرر عبد المحسن بن محمد -بن مكرم من بعده ثم صرفه وولي بعده بد----------ر بن ثمال بن نصير وقيل بل الذي تولي بعده ابو المعالي محمد بن جميع ابن نجا الدسوق-ي الشافعي سنة ثمان واربعين وخمسماءة فيها خرج ال-------------------------------------------------------------------------------------------------------عسكر من القاهرة لحفظ ثغر عسقلان من الفرنج وكانوا----- قد نزلوا علي---------ها في الس-نة الخالية,سنة سبع واربعين وخمسماءة فيها صرف ابن السلار ابا الفضاءل يونس عن القضاء وكان من الاعيان النزهين الانفس الكبيرين الهمم العظيمين القدر لم يشرب قط ماء النيل بل ماء الابار ولم ياكل خبز السلطان وقرر عبد المحسن بن محمد بن مكرم من بعده ثم صرفه وولي بعده بدر بن ثمال بن نصير وقيل بل الذي تولي بعده ابو المعالي محمد بن جميع ابن نجا الدسوقي الشافعي ,153,118
527,930,1540,ثل-ثماءة الف دينار و----سبب مسير الاسطول تخريب الفرنج ل---------لفرما وفيها قطع العادل بن السلار جميع الكسوات المقررة للناس في الدولة فعم ذلك الامراء والدواوين وغيرهم سنة سبع واربعين وخمسماءة فيها صرف ا------بن السلار اب----------ا الفضاءل يونس عن القضاء وكان من الاعيان النزهين الانفس الكبيرين الهمم العظيمين القدر لم يشرب قط ماء النيل بل ماء الابار ولم ياكل خبز السلطان وقرر عبد المحسن بن محمد -بن مكرم من بعده ثم صرفه وولي بعده بد----------ر بن ثمال بن نصير وقيل بل الذي تولي بعده ابو المعالي محمد بن جميع ابن نجا الدسوق-ي الشافعي سنة ثمان واربعين وخمسماءة فيها خرج ال-------------------------------------------------------------------------------------------------------عسكر من القاهرة لحفظ ثغر عسقلان من الفرنج وكانوا----- قد نزلوا علي---------ها في الس-نة الخالية,سنة ثمان واربعين وخمسماءة فيها خرج العسكر من القاهرة لحفظ ثغر عسقلان من الفرنج وكانوا قد نزلوا عليها في السنة الخالية ,492,0
181,960,1377,وفي نصف شوال ماتت---------------- ام ولد العزيز وزوجته ب---منا جعفر فحملت الي القصر وصلي عليها العزيز وكفنها بما مبلغه عشرة الاف دينار واخذت الغاسلة ما كان تحتها من الفرش وعليها من الثياب فكان مبلغ ما نالها ستة الاف دينار ودفع الي الفقراء------------- الفا دينار و-----للقراء الذين قراو--ا علي قبرها ثلاثة الاف دينار ورثاها جماعة من الشعراء فاجيزوا ففيهم من كانت جاءزته --خمسماءة دينار ورجع العزيز الي مضاربه واقامت ابنتها-------- علي قبرها شهرا تقيم العزاء والعزيز,وفي نصف شوال ماتت ام ولد العزيز وزوجته بمنا جعفر فحملت الي القصر وصلي عليها العزيز وكفنها بما مبلغه عشرة الاف دينار واخذت الغاسلة ما كان تحتها من الفرش وعليها من الثياب فكان مبلغ ما نالها ستة الاف دينار ودفع الي الفقراء الفا دينار وللقراء الذين قراوا علي قبرها ثلاثة الاف دينار ورثاها جماعة من الشعراء فاجيزوا ففيهم من كانت جاءزته خمسماءة دينار ورجع العزيز الي مضاربه واقامت ابنتها علي قبرها شهرا تقيم العزاء والعزيز ,0,0
205,1074,1533,ابنه ابو عبد الله بتركته الي القاهرة فخلع عليه الحاكم وحمله ورفع زيدان الي الحاكم درجا بخط جيش وفيه وصية وثبت بما خلف- مفصلا مشروحا وان ذلك جميعه--- لامير المءمنين الحاكم بامر الله لا يستحق احد من اولاده منه درهما وكان ذلك يبلغ نحو --ماءتي الف دينار ما بين عين ورحل ومتاع وقد قال فيه جيش لو زيدان يتسلم ذلك فانه علي بغال تحت القصر بظاهر والقاهرة فاخذ الحاكم الدرج واوصله لابني جيش وخلع عليهما وقال لهما بحضرة اولياء الدولة ووجوهها -قد وقفت علي وصية ابيكما رحمه الله,ابنه ابو عبد الله بتركته الي القاهرة فخلع عليه الحاكم وحمله ورفع زيدان الي الحاكم درجا بخط جيش وفيه وصية وثبت بما خلف مفصلا مشروحا وان ذلك جميعه لامير المءمنين الحاكم بامر الله لا يستحق احد من اولاده منه درهما وكان ذلك يبلغ نحو ماءتي الف دينار ما بين عين ورحل ومتاع وقد قال فيه جيش لو زيدان يتسلم ذلك فانه علي بغال تحت القصر بظاهر والقاهرة فاخذ الحاكم الدرج واوصله لابني جيش وخلع عليهما وقال لهما بحضرة اولياء الدولة ووجوهها قد وقفت علي وصية ابيكما رحمه الله ,0,0
